s000068,000015,1111326
s000068,000014,1111330
s000068,000017,1111276
s000068,000016,1111308
s000068,000011,1111250
s000068,000010,1111285
s000068,000013,1111341
s000068,000012,1111270
s000068,000025,1111230
s000068,000019,1111315
s000068,000018,1111325
s000068,000006,1111267
s000068,000007,1111409
s000068,000004,1111273
s000068,000023,1111309
s000068,000002,1111846
s000068,000003,1111501
s000068,000020,1111284
s000068,000021,1111320
s000068,000022,1111254
s000068,000005,1111253
s000068,000024,1111347
s000068,000000,1114393
s000068,000026,1111310
s000068,000001,1114421
s000068,000028,1111333
s000068,000029,1111308
s000068,000027,1111354
s000068,000008,1111363
s000068,000009,1111599
s000069,000015,2543498
s000069,000014,4328663
s000069,000017,4599284
s000069,000016,4145174
s000069,000011,4356260
s000069,000010,4037089
s000069,000013,3638424
s000069,000012,4358679
s000069,000019,4379989
s000069,000018,4623531
s000069,000020,3673356
s000069,000007,4469356
s000069,000022,3910576
s000069,000005,4162536
s000069,000024,3978803
s000069,000025,3306232
s000069,000006,3734815
s000069,000021,361141
s000069,000004,4614339
s000069,000023,4064012
s000069,000002,3704066
s000069,000003,4784278
s000069,000000,5213873
s000069,000027,4602089
s000069,000028,4296206
s000069,000029,4759942
s000069,000001,3781699
s000069,000008,4558821
s000069,000009,4084969
s000069,000026,4757086
s000062,000015,4489152
s000062,000014,4713132
s000062,000017,3751340
s000062,000016,3987948
s000062,000011,4604959
s000062,000010,4783832
s000062,000013,5069440
s000062,000012,4438287
s000062,000019,4606581
s000062,000018,4980527
s000062,000006,4527674
s000062,000007,4521704
s000062,000004,3792227
s000062,000023,3716876
s000062,000002,4259754
s000062,000025,4639837
s000062,000020,4590754
s000062,000021,3933783
s000062,000022,4039659
s000062,000005,3526064
s000062,000024,4078411
s000062,000003,4788842
s000062,000000,3535696
s000062,000027,4812082
s000062,000028,4807402
s000062,000029,3962349
s000062,000001,3538230
s000062,000008,4175389
s000062,000009,4805212
s000062,000026,3939877
s000063,000015,1111229
s000063,000014,1111283
s000063,000017,1111223
s000063,000016,1111287
s000063,000011,1111223
s000063,000010,1111226
s000063,000013,1111366
s000063,000012,1111250
s000063,000025,1111229
s000063,000019,1111238
s000063,000018,1111327
s000063,000006,1111282
s000063,000021,1111220
s000063,000022,1111204
s000063,000005,1111293
s000063,000024,1111209
s000063,000003,1111313
s000063,000020,1111283
s000063,000007,1111346
s000063,000004,1111246
s000063,000023,1111221
s000063,000002,1112233
s000063,000026,1111234
s000063,000000,1114261
s000063,000001,1114868
s000063,000028,1111319
s000063,000029,1111313
s000063,000027,1111530
s000063,000008,1111325
s000063,000009,1111300
s000060,000000,6642670
s000060,000015,6632867
s000060,000014,6632822
s000060,000017,6632851
s000060,000016,6632600
s000060,000011,6632613
s000060,000010,6632608
s000060,000013,6632610
s000060,000012,6632866
s000060,000019,6632820
s000060,000018,6632817
s000060,000020,6632870
s000060,000007,6632815
s000060,000022,6632593
s000060,000023,6632898
s000060,000024,6632602
s000060,000003,6620566
s000060,000006,6620578
s000060,000021,6632599
s000060,000004,6620481
s000060,000005,6620571
s000060,000002,6620559
s000060,000025,6632610
s000060,000026,6632909
s000060,000001,6620568
s000060,000028,6632907
s000060,000029,6632595
s000060,000027,6632838
s000060,000008,6632867
s000060,000009,6632609
s000061,000015,3030223
s000061,000014,3030223
s000061,000017,3030223
s000061,000016,3030223
s000061,000011,3030223
s000061,000010,3030223
s000061,000013,3030223
s000061,000012,3030223
s000061,000019,3030223
s000061,000018,3030223
s000061,000003,2942139
s000061,000020,3030223
s000061,000021,3030223
s000061,000004,2942139
s000061,000023,3030223
s000061,000002,2942139
s000061,000025,3030223
s000061,000006,2942139
s000061,000007,3030223
s000061,000022,3030223
s000061,000005,2942139
s000061,000024,3030223
s000061,000000,2942139
s000061,000026,3030223
s000061,000001,2942139
s000061,000028,3030223
s000061,000029,3030223
s000061,000027,3030223
s000061,000008,3030223
s000061,000009,3030223
s000066,000015,1111344
s000066,000014,1111311
s000066,000017,1111405
s000066,000016,1113397
s000066,000011,1111316
s000066,000010,1111309
s000066,000013,1111437
s000066,000012,1111416
s000066,000019,1111391
s000066,000018,1111387
s000066,000020,1111283
s000066,000021,1111342
s000066,000022,1111387
s000066,000005,1111397
s000066,000024,1111295
s000066,000025,1111257
s000066,000006,1111376
s000066,000007,1111519
s000066,000004,1111397
s000066,000023,1111387
s000066,000002,1111862
s000066,000003,1111548
s000066,000000,1113745
s000066,000001,1114453
s000066,000028,1111377
s000066,000029,1111338
s000066,000027,1111536
s000066,000008,1111332
s000066,000009,1111416
s000066,000026,1111365
s000067,000000,4610629
s000067,000015,4237466
s000067,000014,4237466
s000067,000017,4237844
s000067,000016,4237844
s000067,000011,4231379
s000067,000010,4231379
s000067,000013,4237466
s000067,000012,4235167
s000067,000019,4237844
s000067,000018,4237844
s000067,000006,4282903
s000067,000021,4237965
s000067,000022,4237965
s000067,000023,4237965
s000067,000002,4610995
s000067,000025,4237965
s000067,000020,4237844
s000067,000007,4231379
s000067,000004,4282903
s000067,000005,4282903
s000067,000024,4237965
s000067,000003,4282903
s000067,000026,4237965
s000067,000027,4237965
s000067,000028,4107857
s000067,000029,4107857
s000067,000001,4610995
s000067,000008,4231379
s000067,000009,4231379
s000064,000002,516709
s000064,000015,516736
s000064,000014,516736
s000064,000017,516736
s000064,000016,516736
s000064,000011,516709
s000064,000010,516709
s000064,000013,516736
s000064,000012,516709
s000064,000019,516736
s000064,000018,516736
s000064,000006,516709
s000064,000021,516736
s000064,000022,516736
s000064,000005,516709
s000064,000000,516709
s000064,000025,516736
s000064,000020,516736
s000064,000007,516709
s000064,000004,516709
s000064,000023,516736
s000064,000024,516736
s000064,000003,516709
s000064,000026,516736
s000064,000001,516709
s000064,000028,516736
s000064,000029,516736
s000064,000027,516736
s000064,000008,516709
s000064,000009,516709
s000065,000015,3952778
s000065,000014,5238598
s000065,000017,3952778
s000065,000016,3952778
s000065,000011,3988639
s000065,000010,3947239
s000065,000013,3952776
s000065,000012,3948170
s000065,000019,3983988
s000065,000018,3952778
s000065,000020,3985788
s000065,000007,3948169
s000065,000022,3985789
s000065,000023,3985789
s000065,000002,5386143
s000065,000003,4147893
s000065,000006,4273931
s000065,000021,3986719
s000065,000004,4140842
s000065,000005,4230332
s000065,000024,3985789
s000065,000025,3985789
s000065,000000,5304301
s000065,000027,3986723
s000065,000028,3989477
s000065,000029,3989467
s000065,000001,4100820
s000065,000008,3947238
s000065,000009,3947239
s000065,000026,3986720
s000019,000015,956040
s000019,000014,970251
s000019,000017,1041558
s000019,000016,1032662
s000019,000011,1094913
s000019,000010,934538
s000019,000013,1066214
s000019,000012,975440
s000019,000019,1045239
s000019,000018,1012654
s000019,000020,968414
s000019,000021,1007809
s000019,000004,1031638
s000019,000023,937641
s000019,000024,1005561
s000019,000003,996945
s000019,000006,925337
s000019,000007,1021037
s000019,000022,1045841
s000019,000005,1001684
s000019,000002,1027377
s000019,000025,1015900
s000019,000000,1084762
s000019,000001,1105688
s000019,000028,1047079
s000019,000029,1046106
s000019,000027,1046519
s000019,000008,923451
s000019,000009,1013356
s000019,000026,969413
s000018,000015,7986980
s000018,000014,2667712
s000018,000017,8633081
s000018,000016,7768045
s000018,000011,2889173
s000018,000010,7087322
s000018,000013,2723382
s000018,000012,2997301
s000018,000019,3206038
s000018,000018,8847821
s000018,000006,2870811
s000018,000021,3194399
s000018,000022,9111449
s000018,000005,3174402
s000018,000002,2470300
s000018,000025,9601024
s000018,000020,2930317
s000018,000007,2848116
s000018,000004,2692805
s000018,000023,3066946
s000018,000024,3198310
s000018,000003,3628859
s000018,000000,2448361
s000018,000027,8797895
s000018,000028,3063989
s000018,000029,2817719
s000018,000001,2484277
s000018,000008,3023246
s000018,000009,2816096
s000018,000026,3133132
s000017,000000,2471637
s000017,000015,2469588
s000017,000014,2469588
s000017,000017,2469586
s000017,000016,2469588
s000017,000011,2469588
s000017,000010,2469586
s000017,000013,2469588
s000017,000012,2469588
s000017,000019,2469588
s000017,000018,2469588
s000017,000006,2471505
s000017,000021,2469588
s000017,000004,2471505
s000017,000005,2471505
s000017,000002,2471505
s000017,000003,2471505
s000017,000020,2469588
s000017,000007,2469588
s000017,000022,2469586
s000017,000023,2469588
s000017,000024,2469588
s000017,000025,2469588
s000017,000026,2469588
s000017,000001,2471505
s000017,000028,2469588
s000017,000029,2469588
s000017,000027,2469588
s000017,000008,2469588
s000017,000009,2469588
s000016,000024,2601811
s000016,000015,2601809
s000016,000014,2601802
s000016,000017,2601807
s000016,000016,2601812
s000016,000011,2601804
s000016,000010,2601806
s000016,000013,2601808
s000016,000012,2601811
s000016,000019,2601812
s000016,000018,2601809
s000016,000020,2601808
s000016,000021,2601808
s000016,000022,2601810
s000016,000005,2601039
s000016,000000,2630446
s000016,000003,2601030
s000016,000006,2601042
s000016,000007,2601805
s000016,000004,2601034
s000016,000023,2601806
s000016,000002,2601010
s000016,000025,2601812
s000016,000026,2601808
s000016,000001,2630306
s000016,000028,2601809
s000016,000029,2601809
s000016,000027,2601809
s000016,000008,2601807
s000016,000009,2601802
s000015,000015,2403507
s000015,000014,2403515
s000015,000017,6056642
s000015,000016,2403515
s000015,000011,2403507
s000015,000010,2403515
s000015,000013,2403507
s000015,000012,2542447
s000015,000019,2403515
s000015,000018,2403507
s000015,000020,2403507
s000015,000007,2403507
s000015,000022,2403515
s000015,000023,2403515
s000015,000024,2403515
s000015,000025,2403507
s000015,000006,2403507
s000015,000021,2403507
s000015,000004,2403507
s000015,000005,2403515
s000015,000002,2403515
s000015,000003,2403507
s000015,000000,2403722
s000015,000027,2403507
s000015,000028,2403507
s000015,000029,2403507
s000015,000001,2403730
s000015,000008,2403507
s000015,000009,2403507
s000015,000026,2403515
s000014,000015,2775785
s000014,000014,2279673
s000014,000017,2680257
s000014,000016,2588330
s000014,000011,2729247
s000014,000010,2843425
s000014,000013,2771780
s000014,000012,2829821
s000014,000025,2689442
s000014,000019,2838857
s000014,000018,2725135
s000014,000020,2732961
s000014,000021,2701561
s000014,000022,2699069
s000014,000005,2186319
s000014,000024,2604522
s000014,000003,2617512
s000014,000006,2656947
s000014,000007,2730519
s000014,000004,2630739
s000014,000023,2775733
s000014,000002,2644475
s000014,000000,2595477
s000014,000026,2857018
s000014,000027,2181908
s000014,000028,2717447
s000014,000029,2769357
s000014,000001,2436278
s000014,000008,2801908
s000014,000009,2705033
s000013,000015,1236506
s000013,000014,1235972
s000013,000017,1273285
s000013,000016,1247484
s000013,000011,1239183
s000013,000010,1221990
s000013,000013,1244253
s000013,000012,1279581
s000013,000019,1241580
s000013,000018,1269602
s000013,000020,1242163
s000013,000021,1211198
s000013,000022,1239113
s000013,000005,1235406
s000013,000002,1245030
s000013,000025,1252980
s000013,000006,1252181
s000013,000007,1254609
s000013,000004,1237806
s000013,000023,1208049
s000013,000024,1252462
s000013,000003,1209901
s000013,000000,1285171
s000013,000001,1256068
s000013,000028,1237139
s000013,000029,1278202
s000013,000027,1237383
s000013,000008,1275554
s000013,000009,1203928
s000013,000026,1248675
s000012,000015,6489192
s000012,000014,6348107
s000012,000000,5509804
s000012,000016,6281267
s000012,000011,5998692
s000012,000010,6224663
s000012,000013,226327
s000012,000012,5747526
s000012,000019,6193360
s000012,000018,5850741
s000012,000006,7095429
s000012,000007,6015320
s000012,000022,6008513
s000012,000023,6129577
s000012,000024,6217360
s000012,000003,226921
s000012,000020,6038642
s000012,000021,6228301
s000012,000004,6653202
s000012,000005,6691300
s000012,000002,5636729
s000012,000025,6000543
s000012,000026,6062080
s000012,000001,5713435
s000012,000028,5914400
s000012,000029,5940234
s000012,000027,6256397
s000012,000008,6003212
s000012,000009,5852861
s000012,000017,6002064
s000011,000000,1114333
s000011,000015,1111241
s000011,000014,1111367
s000011,000017,1111249
s000011,000016,1111271
s000011,000011,1111310
s000011,000010,1111202
s000011,000013,1111383
s000011,000012,1111212
s000011,000019,1111196
s000011,000018,1111278
s000011,000020,1111238
s000011,000021,1111213
s000011,000022,1111324
s000011,000005,1111283
s000011,000002,1111714
s000011,000025,1111363
s000011,000006,1111285
s000011,000007,1111340
s000011,000004,1111227
s000011,000023,1111271
s000011,000024,1111269
s000011,000003,1111617
s000011,000026,1111178
s000011,000027,1111245
s000011,000028,1111284
s000011,000029,1111232
s000011,000001,1114265
s000011,000008,1111262
s000011,000009,1111228
s000010,000015,2457307
s000010,000014,2458081
s000010,000017,2457593
s000010,000016,2456414
s000010,000011,2459271
s000010,000010,2455262
s000010,000013,2457223
s000010,000012,2454963
s000010,000019,2456259
s000010,000018,2456646
s000010,000003,2456139
s000010,000006,2456265
s000010,000007,2453982
s000010,000004,2457181
s000010,000005,2455067
s000010,000002,2457043
s000010,000025,2456761
s000010,000020,2454900
s000010,000021,2454945
s000010,000022,2455224
s000010,000023,2461408
s000010,000024,2456748
s000010,000026,2457401
s000010,000000,2455720
s000010,000001,2457250
s000010,000028,2456263
s000010,000029,2456357
s000010,000027,2457167
s000010,000008,2457762
s000010,000009,2456047
s000097,000000,4809655
s000097,000015,5539608
s000097,000014,5095359
s000097,000017,4840719
s000097,000016,3965204
s000097,000011,5036207
s000097,000010,4442650
s000097,000013,6010465
s000097,000012,4550585
s000097,000019,4846906
s000097,000018,4832433
s000097,000006,5795118
s000097,000007,5680254
s000097,000022,5204423
s000097,000023,4723910
s000097,000002,4362359
s000097,000003,4359156
s000097,000020,4833818
s000097,000021,4767927
s000097,000004,4714646
s000097,000005,4263831
s000097,000024,6460531
s000097,000025,4747306
s000097,000026,5867257
s000097,000001,4996813
s000097,000028,4750732
s000097,000029,4387758
s000097,000027,4779061
s000097,000008,4567902
s000097,000009,4482236
s000096,000015,9003505
s000096,000014,9055130
s000096,000017,9105051
s000096,000016,9048409
s000096,000011,8789927
s000096,000010,8957267
s000096,000013,8952909
s000096,000012,9033711
s000096,000019,9047876
s000096,000018,9047993
s000096,000006,8922981
s000096,000021,9047876
s000096,000004,8779660
s000096,000023,8966829
s000096,000024,8965857
s000096,000003,8779249
s000096,000020,9047827
s000096,000007,8921857
s000096,000022,8972700
s000096,000005,8779582
s000096,000002,8779248
s000096,000025,8954794
s000096,000000,8937464
s000096,000001,8907947
s000096,000028,9028960
s000096,000029,8950189
s000096,000027,8982349
s000096,000008,8923973
s000096,000009,9003615
s000096,000026,8980161
s000095,000015,49890
s000095,000014,49890
s000095,000017,49890
s000095,000016,49890
s000095,000011,49890
s000095,000010,49890
s000095,000013,49890
s000095,000012,49890
s000095,000019,49890
s000095,000018,49890
s000095,000020,49890
s000095,000007,49890
s000095,000004,49890
s000095,000023,49890
s000095,000002,49890
s000095,000025,49890
s000095,000006,49890
s000095,000021,49890
s000095,000022,49890
s000095,000005,49890
s000095,000024,49890
s000095,000003,49890
s000095,000000,49890
s000095,000001,49890
s000095,000028,49890
s000095,000029,49890
s000095,000027,49890
s000095,000008,49890
s000095,000009,49890
s000095,000026,49890
s000094,000015,1111232
s000094,000014,1111250
s000094,000017,1113411
s000094,000016,1111260
s000094,000011,1111252
s000094,000010,1111352
s000094,000013,1111323
s000094,000012,1111457
s000094,000019,1111289
s000094,000018,1111298
s000094,000006,1111367
s000094,000021,1111333
s000094,000004,1111272
s000094,000005,1111318
s000094,000002,1111385
s000094,000003,1111317
s000094,000020,1111209
s000094,000007,1111228
s000094,000022,1111344
s000094,000023,1111328
s000094,000024,1111553
s000094,000025,1111325
s000094,000000,1114405
s000094,000027,1111353
s000094,000028,1111287
s000094,000029,1111376
s000094,000001,1111827
s000094,000008,1111289
s000094,000009,1111279
s000094,000026,1111229
s000093,000015,1111243
s000093,000014,1111307
s000093,000017,1111334
s000093,000016,1111274
s000093,000011,1111354
s000093,000010,1111315
s000093,000013,1111395
s000093,000012,1111395
s000093,000019,1111240
s000093,000018,1111312
s000093,000006,1111465
s000093,000021,1111277
s000093,000022,1111329
s000093,000023,1111312
s000093,000024,1111249
s000093,000003,1111289
s000093,000020,1111307
s000093,000007,1111298
s000093,000004,1111292
s000093,000005,1111313
s000093,000002,1111443
s000093,000025,1111334
s000093,000026,1111276
s000093,000027,1111335
s000093,000000,1114333
s000093,000029,1111297
s000093,000001,1111805
s000093,000008,1111294
s000093,000009,1111301
s000093,000028,1111265
s000092,000002,6478737
s000092,000015,6393510
s000092,000014,6533521
s000092,000017,6721816
s000092,000016,6582995
s000092,000011,6557603
s000092,000010,7112909
s000092,000013,6289136
s000092,000012,6040045
s000092,000019,6088796
s000092,000018,6310453
s000092,000006,6322833
s000092,000021,6772120
s000092,000004,6426681
s000092,000005,6528511
s000092,000000,5953484
s000092,000025,7260394
s000092,000020,6574263
s000092,000007,6421730
s000092,000022,6210824
s000092,000023,6372368
s000092,000024,6431329
s000092,000003,6229921
s000092,000026,6356186
s000092,000027,6042741
s000092,000028,6174328
s000092,000029,6312500
s000092,000001,6951346
s000092,000008,6239086
s000092,000009,6379489
s000091,000015,101240
s000091,000014,101822
s000091,000017,101638
s000091,000016,101911
s000091,000011,101414
s000091,000010,101318
s000091,000013,101508
s000091,000012,101548
s000091,000019,101639
s000091,000018,101641
s000091,000020,101887
s000091,000021,102001
s000091,000022,101856
s000091,000005,101712
s000091,000002,101517
s000091,000025,101794
s000091,000006,101723
s000091,000007,101565
s000091,000004,101481
s000091,000023,101765
s000091,000024,101832
s000091,000003,101660
s000091,000000,351949
s000091,000001,102076
s000091,000028,101765
s000091,000029,101739
s000091,000027,101906
s000091,000008,101385
s000091,000009,101527
s000091,000026,101878
s000090,000015,526701
s000090,000014,526701
s000090,000017,526701
s000090,000016,526701
s000090,000011,526790
s000090,000010,526790
s000090,000013,526701
s000090,000012,526701
s000090,000019,526701
s000090,000018,526701
s000090,000020,526701
s000090,000021,526701
s000090,000022,526701
s000090,000005,526790
s000090,000002,526790
s000090,000025,526701
s000090,000006,526790
s000090,000007,526790
s000090,000004,526790
s000090,000023,526701
s000090,000024,526701
s000090,000003,526790
s000090,000026,526701
s000090,000027,526701
s000090,000000,526790
s000090,000029,526701
s000090,000001,526790
s000090,000008,526790
s000090,000009,526790
s000090,000028,526701
s000098,000015,8259805
s000098,000014,8259991
s000098,000017,8342902
s000098,000016,8260089
s000098,000011,8343115
s000098,000010,7947163
s000098,000013,8343197
s000098,000012,8222847
s000098,000019,8222782
s000098,000018,8260021
s000098,000020,8339122
s000098,000007,7797832
s000098,000022,8343110
s000098,000023,8259848
s000098,000024,8222819
s000098,000003,7899004
s000098,000006,7862692
s000098,000021,8343183
s000098,000004,7897924
s000098,000005,7862851
s000098,000002,7834778
s000098,000025,8342916
s000098,000000,7870228
s000098,000001,7780559
s000098,000028,8259776
s000098,000029,8344328
s000098,000027,8157242
s000098,000008,7822600
s000098,000009,7870578
s000098,000026,8164133
s000008,000015,6143441
s000008,000014,6375199
s000008,000017,6154530
s000008,000016,6137753
s000008,000011,7608785
s000008,000010,7838265
s000008,000013,6789300
s000008,000012,7267746
s000008,000019,6142242
s000008,000018,6224160
s000008,000020,6194716
s000008,000021,6681678
s000008,000004,7491920
s000008,000023,6443455
s000008,000024,6263265
s000008,000003,7766240
s000008,000006,7764844
s000008,000007,7995269
s000008,000022,6494562
s000008,000005,7535296
s000008,000002,7221138
s000008,000025,6171166
s000008,000000,7200745
s000008,000001,7056811
s000008,000028,7810027
s000008,000029,7793740
s000008,000027,7755213
s000008,000008,7973283
s000008,000009,7942648
s000008,000026,7652099
s000009,000015,2349985
s000009,000014,2363467
s000009,000017,2354916
s000009,000016,2361360
s000009,000011,2351497
s000009,000010,1230160
s000009,000013,2372275
s000009,000012,2366868
s000009,000019,2379233
s000009,000018,2369525
s000009,000020,2370063
s000009,000007,2347366
s000009,000022,2346892
s000009,000005,2393050
s000009,000002,1264926
s000009,000025,2341508
s000009,000006,2402157
s000009,000021,2361831
s000009,000004,2380741
s000009,000023,2347194
s000009,000024,2362237
s000009,000003,2402364
s000009,000000,2416893
s000009,000001,2378736
s000009,000028,2352805
s000009,000029,2358283
s000009,000027,2156307
s000009,000008,2360106
s000009,000009,2369595
s000009,000026,2365322
s000004,000015,150506
s000004,000014,150506
s000004,000017,150506
s000004,000016,150506
s000004,000011,150506
s000004,000010,150506
s000004,000013,150506
s000004,000012,150506
s000004,000019,150506
s000004,000018,150506
s000004,000006,150506
s000004,000021,150506
s000004,000022,150506
s000004,000005,150506
s000004,000024,150506
s000004,000003,150506
s000004,000020,150506
s000004,000007,150506
s000004,000004,150506
s000004,000023,150506
s000004,000002,150506
s000004,000025,150506
s000004,000000,150506
s000004,000027,150506
s000004,000028,150506
s000004,000029,150506
s000004,000001,150506
s000004,000008,150506
s000004,000009,150506
s000004,000026,150506
s000005,000000,3987073
s000005,000015,5520333
s000005,000014,6707353
s000005,000017,7324831
s000005,000016,5585428
s000005,000011,4718186
s000005,000010,3906458
s000005,000013,6688535
s000005,000012,5266331
s000005,000019,4821000
s000005,000018,4716452
s000005,000020,7407978
s000005,000007,3965134
s000005,000022,5015544
s000005,000005,3796344
s000005,000002,3922336
s000005,000025,4029844
s000005,000006,3807522
s000005,000021,4125076
s000005,000004,6981907
s000005,000023,5032858
s000005,000024,6445906
s000005,000003,3862262
s000005,000026,3918010
s000005,000001,3979876
s000005,000028,5019087
s000005,000029,3885405
s000005,000027,3931650
s000005,000008,4023502
s000005,000009,4765069
s000006,000015,1110698
s000006,000014,1110683
s000006,000017,1110622
s000006,000016,1110704
s000006,000011,1110678
s000006,000010,1110676
s000006,000013,1110769
s000006,000012,1110673
s000006,000019,1110750
s000006,000018,1110692
s000006,000020,1110665
s000006,000021,1110663
s000006,000004,1110699
s000006,000023,1110673
s000006,000002,1111249
s000006,000003,1110802
s000006,000006,1110699
s000006,000007,1110784
s000006,000022,1110563
s000006,000005,1110715
s000006,000024,1110665
s000006,000025,1110655
s000006,000000,1113743
s000006,000027,1110616
s000006,000028,1110662
s000006,000029,1110632
s000006,000001,1113778
s000006,000008,1110623
s000006,000009,1110667
s000006,000026,1110624
s000007,000015,3434106
s000007,000014,3435594
s000007,000017,3410929
s000007,000016,3436344
s000007,000011,3434704
s000007,000010,3444946
s000007,000013,3387592
s000007,000012,3428492
s000007,000019,3418229
s000007,000018,3419275
s000007,000003,3256241
s000007,000006,3232996
s000007,000007,3463052
s000007,000004,3198930
s000007,000005,3175672
s000007,000002,3234517
s000007,000025,3443903
s000007,000020,3421331
s000007,000021,3405746
s000007,000022,3425008
s000007,000023,3396739
s000007,000024,3443052
s000007,000000,3176532
s000007,000026,3459008
s000007,000027,3432591
s000007,000028,3439296
s000007,000029,3448451
s000007,000001,3178306
s000007,000008,3465586
s000007,000009,3407638
s000000,000002,1111946
s000000,000015,1110676
s000000,000014,1110625
s000000,000017,1110606
s000000,000016,1110646
s000000,000011,1111471
s000000,000010,1111497
s000000,000013,1110645
s000000,000012,1111493
s000000,000019,1110559
s000000,000018,1110597
s000000,000020,1110616
s000000,000007,1111542
s000000,000004,1111541
s000000,000005,1111518
s000000,000000,1114584
s000000,000025,1110658
s000000,000006,1111446
s000000,000021,1110635
s000000,000022,1110654
s000000,000023,1110631
s000000,000024,1110918
s000000,000003,1111462
s000000,000026,1110622
s000000,000001,1114561
s000000,000028,1110600
s000000,000029,1110951
s000000,000027,1110603
s000000,000008,1111499
s000000,000009,1111486
s000001,000015,7292455
s000001,000014,7208807
s000001,000017,7306547
s000001,000016,7434257
s000001,000011,7243637
s000001,000010,8544809
s000001,000013,7240172
s000001,000012,7219893
s000001,000019,7275465
s000001,000018,7419834
s000001,000003,8548211
s000001,000020,7291397
s000001,000021,7410739
s000001,000004,8538606
s000001,000023,7193015
s000001,000002,8535447
s000001,000025,7414935
s000001,000006,8542382
s000001,000007,8532528
s000001,000022,7283287
s000001,000005,8546554
s000001,000024,7416811
s000001,000026,7290442
s000001,000000,8340136
s000001,000001,8339323
s000001,000028,7206084
s000001,000029,7214992
s000001,000027,7285936
s000001,000008,8527581
s000001,000009,8545227
s000002,000000,5673585
s000002,000015,4713072
s000002,000014,4713084
s000002,000017,4472730
s000002,000016,4713497
s000002,000011,4710934
s000002,000010,4711021
s000002,000013,4710945
s000002,000012,4710750
s000002,000019,4713482
s000002,000018,4713666
s000002,000020,4713535
s000002,000007,4710773
s000002,000004,4757924
s000002,000023,4713461
s000002,000024,4714755
s000002,000025,4713680
s000002,000006,4758021
s000002,000021,4472844
s000002,000022,4715171
s000002,000005,4758043
s000002,000002,5671750
s000002,000003,4758067
s000002,000026,4713677
s000002,000027,4713537
s000002,000028,4713572
s000002,000029,4684682
s000002,000001,5673659
s000002,000008,4710887
s000002,000009,4710713
s000003,000015,606279
s000003,000014,605790
s000003,000017,605621
s000003,000016,605620
s000003,000011,605803
s000003,000010,605819
s000003,000013,605776
s000003,000012,605622
s000003,000019,605621
s000003,000018,605592
s000003,000006,605646
s000003,000007,605808
s000003,000022,606303
s000003,000023,605609
s000003,000002,605555
s000003,000025,605633
s000003,000020,605632
s000003,000021,605878
s000003,000004,605567
s000003,000005,605859
s000003,000024,606255
s000003,000003,605803
s000003,000000,605598
s000003,000001,605895
s000003,000028,605569
s000003,000029,605616
s000003,000027,605577
s000003,000008,605790
s000003,000009,605634
s000003,000026,605803
s000084,000015,1848736
s000084,000014,1500772
s000084,000017,1500772
s000084,000016,1500770
s000084,000011,1545504
s000084,000010,1902514
s000084,000013,1500082
s000084,000012,1498802
s000084,000019,1675598
s000084,000018,1688656
s000084,000020,1822426
s000084,000007,1862319
s000084,000004,1894068
s000084,000005,1837282
s000084,000002,1905728
s000084,000025,1537841
s000084,000006,1863907
s000084,000021,1498628
s000084,000022,1713391
s000084,000023,1545678
s000084,000024,1537841
s000084,000003,1776077
s000084,000000,1972083
s000084,000027,1499907
s000084,000028,1545505
s000084,000029,1537843
s000084,000001,1538018
s000084,000008,1498626
s000084,000009,1538017
s000084,000026,1498802
s000085,000015,5715955
s000085,000014,6084911
s000085,000017,6022438
s000085,000016,6395930
s000085,000011,6006945
s000085,000010,6284006
s000085,000013,6148026
s000085,000012,5911727
s000085,000019,6003750
s000085,000018,6101019
s000085,000006,5505939
s000085,000021,5696555
s000085,000004,5363794
s000085,000005,5487277
s000085,000024,5529237
s000085,000025,5752037
s000085,000020,6133913
s000085,000007,5956388
s000085,000022,5741491
s000085,000023,6321077
s000085,000002,5287378
s000085,000003,5533038
s000085,000000,6123937
s000085,000027,5403841
s000085,000028,5664623
s000085,000029,5775798
s000085,000001,5205069
s000085,000008,5695362
s000085,000009,6198812
s000085,000026,6089266
s000086,000015,4020289
s000086,000014,4020202
s000086,000017,4020289
s000086,000016,4020289
s000086,000011,4016989
s000086,000010,4016989
s000086,000013,4020210
s000086,000012,4037599
s000086,000019,3959723
s000086,000018,4020289
s000086,000020,4000165
s000086,000007,4017032
s000086,000004,3935867
s000086,000023,4000168
s000086,000024,4000168
s000086,000003,3944311
s000086,000006,3935879
s000086,000021,4020277
s000086,000022,3959701
s000086,000005,3935879
s000086,000002,3944311
s000086,000025,3959701
s000086,000000,3973879
s000086,000001,3973836
s000086,000028,3959701
s000086,000029,4000190
s000086,000027,3959701
s000086,000008,4016989
s000086,000009,3971019
s000086,000026,3959701
s000087,000015,1111206
s000087,000014,1111268
s000087,000017,1111352
s000087,000016,1111269
s000087,000011,1111272
s000087,000010,1111323
s000087,000013,1111327
s000087,000012,1111373
s000087,000019,1111241
s000087,000018,1111268
s000087,000006,1111243
s000087,000021,1111252
s000087,000004,1111280
s000087,000023,1111342
s000087,000002,1111364
s000087,000003,1111295
s000087,000020,1111304
s000087,000007,1111378
s000087,000022,1111346
s000087,000005,1111291
s000087,000024,1111250
s000087,000025,1111254
s000087,000000,1114381
s000087,000001,1111778
s000087,000028,1111221
s000087,000029,1111304
s000087,000027,1111218
s000087,000008,1111289
s000087,000009,1111338
s000087,000026,1111247
s000080,000015,498868
s000080,000014,498868
s000080,000017,505148
s000080,000016,507170
s000080,000011,498868
s000080,000010,500004
s000080,000013,498868
s000080,000012,498868
s000080,000019,505148
s000080,000018,505148
s000080,000003,499754
s000080,000006,497526
s000080,000007,498868
s000080,000004,499754
s000080,000005,499754
s000080,000002,497526
s000080,000025,507402
s000080,000020,507402
s000080,000021,507402
s000080,000022,507402
s000080,000023,507402
s000080,000024,507402
s000080,000000,498868
s000080,000026,507402
s000080,000001,499754
s000080,000028,507402
s000080,000029,507402
s000080,000027,507402
s000080,000008,500004
s000080,000009,500004
s000081,000015,2450110
s000081,000014,2454234
s000081,000017,2450170
s000081,000016,2450167
s000081,000011,2448097
s000081,000010,2448778
s000081,000013,2454619
s000081,000012,2448625
s000081,000019,2450104
s000081,000018,2450070
s000081,000020,2450088
s000081,000007,2453174
s000081,000022,2450148
s000081,000023,2450091
s000081,000002,2450740
s000081,000025,2450104
s000081,000006,2450817
s000081,000021,2450126
s000081,000004,2450199
s000081,000005,2450371
s000081,000024,2450091
s000081,000003,2450556
s000081,000000,2450813
s000081,000001,2450223
s000081,000028,2450063
s000081,000029,2450111
s000081,000027,2450090
s000081,000008,2453139
s000081,000009,2448914
s000081,000026,2497398
s000082,000015,6251294
s000082,000014,5758425
s000082,000017,5347069
s000082,000016,5258918
s000082,000011,5665250
s000082,000010,5425360
s000082,000013,5521288
s000082,000012,5378726
s000082,000019,5186423
s000082,000018,5533087
s000082,000003,5807812
s000082,000006,5034282
s000082,000021,5320680
s000082,000004,4650279
s000082,000023,5429448
s000082,000002,4843183
s000082,000025,4847596
s000082,000020,5279370
s000082,000007,5682943
s000082,000022,6241137
s000082,000005,4866587
s000082,000024,5095707
s000082,000000,5647648
s000082,000026,5284599
s000082,000001,5258032
s000082,000028,5252392
s000082,000029,5054400
s000082,000027,5414745
s000082,000008,5681857
s000082,000009,4950564
s000083,000015,6737907
s000083,000014,6966309
s000083,000017,6679368
s000083,000016,6388094
s000083,000011,6758622
s000083,000010,6521649
s000083,000013,6464980
s000083,000012,6807781
s000083,000019,6480951
s000083,000018,6860518
s000083,000020,6811443
s000083,000021,6469739
s000083,000004,6728553
s000083,000023,6765978
s000083,000002,6097724
s000083,000025,6890192
s000083,000006,6536257
s000083,000007,6791640
s000083,000022,6901462
s000083,000005,6707216
s000083,000024,6951890
s000083,000003,6836150
s000083,000000,6551609
s000083,000027,6707945
s000083,000028,6843799
s000083,000029,6895654
s000083,000001,6517102
s000083,000008,6567033
s000083,000009,6928004
s000083,000026,6512704
s000088,000015,1110727
s000088,000014,1110707
s000088,000017,1110738
s000088,000016,1110636
s000088,000011,1110660
s000088,000010,1110719
s000088,000013,1110826
s000088,000012,1110870
s000088,000019,1110662
s000088,000018,1110630
s000088,000003,1110685
s000088,000006,1110708
s000088,000021,1110709
s000088,000004,1110730
s000088,000023,1110692
s000088,000024,1110911
s000088,000025,1110659
s000088,000020,1110710
s000088,000007,1110859
s000088,000022,1110645
s000088,000005,1110754
s000088,000002,1110802
s000088,000026,1110724
s000088,000000,1113848
s000088,000001,1111241
s000088,000028,1110637
s000088,000029,1110673
s000088,000027,1110710
s000088,000008,1110715
s000088,000009,1110630
s000089,000002,584337
s000089,000015,895660
s000089,000014,864224
s000089,000017,894238
s000089,000016,912000
s000089,000011,554127
s000089,000010,1000839
s000089,000013,881977
s000089,000012,310022
s000089,000019,892771
s000089,000018,895691
s000089,000020,911999
s000089,000021,955064
s000089,000004,630257
s000089,000023,912443
s000089,000000,596199
s000089,000003,595492
s000089,000006,1068646
s000089,000007,1047921
s000089,000022,867640
s000089,000005,586506
s000089,000024,892931
s000089,000025,912126
s000089,000026,922241
s000089,000001,1082013
s000089,000028,710929
s000089,000029,662642
s000089,000027,649115
s000089,000008,1067007
s000089,000009,810304
s000039,000015,561471
s000039,000014,562378
s000039,000017,561615
s000039,000016,561615
s000039,000011,630268
s000039,000010,629450
s000039,000013,630268
s000039,000012,629450
s000039,000019,561471
s000039,000018,562289
s000039,000006,711559
s000039,000007,630268
s000039,000004,711559
s000039,000023,561615
s000039,000024,561615
s000039,000003,712473
s000039,000020,561615
s000039,000021,561615
s000039,000022,562433
s000039,000005,711559
s000039,000002,718713
s000039,000025,561615
s000039,000000,396478
s000039,000027,561615
s000039,000028,561615
s000039,000029,561615
s000039,000001,282888
s000039,000008,629450
s000039,000009,629450
s000039,000026,562433
s000038,000015,2573780
s000038,000014,2551102
s000038,000017,2586517
s000038,000016,2422110
s000038,000011,2239048
s000038,000010,2287913
s000038,000013,2655744
s000038,000012,2174954
s000038,000019,2538141
s000038,000018,2586921
s000038,000006,2340988
s000038,000021,3025803
s000038,000004,2299988
s000038,000005,2365860
s000038,000024,2515504
s000038,000003,2610850
s000038,000020,2184850
s000038,000007,2520758
s000038,000022,2545174
s000038,000023,2149018
s000038,000002,2512866
s000038,000025,2560871
s000038,000000,2869357
s000038,000027,2543039
s000038,000028,2475280
s000038,000029,2246690
s000038,000001,2786583
s000038,000008,2319066
s000038,000009,2270073
s000038,000026,2733354
s000031,000015,2148781
s000031,000014,1312732
s000031,000017,1754581
s000031,000016,2156070
s000031,000011,1347425
s000031,000010,1510057
s000031,000013,1374818
s000031,000012,1712890
s000031,000019,1766530
s000031,000018,1731137
s000031,000020,1816160
s000031,000007,1552706
s000031,000022,1923036
s000031,000005,1507067
s000031,000024,1754663
s000031,000003,1520952
s000031,000006,1394078
s000031,000021,2170918
s000031,000004,1597841
s000031,000023,1732145
s000031,000002,1264586
s000031,000025,1754949
s000031,000000,1405124
s000031,000027,1871220
s000031,000028,2095910
s000031,000029,1804526
s000031,000001,1413374
s000031,000008,1953805
s000031,000009,1759705
s000031,000026,1755354
s000030,000015,1111965
s000030,000014,1112064
s000030,000017,1111928
s000030,000016,1111952
s000030,000011,1111898
s000030,000010,1111959
s000030,000013,1111957
s000030,000012,1111861
s000030,000019,1111921
s000030,000018,1111999
s000030,000003,1112160
s000030,000006,1111940
s000030,000007,1112080
s000030,000022,1111967
s000030,000005,1112001
s000030,000024,1111904
s000030,000025,1111995
s000030,000020,1111899
s000030,000021,1112006
s000030,000004,1111972
s000030,000023,1111939
s000030,000002,1112441
s000030,000000,1114418
s000030,000026,1111958
s000030,000027,1111976
s000030,000028,1111929
s000030,000029,1111919
s000030,000001,1115012
s000030,000008,1112002
s000030,000009,1111990
s000033,000024,1111178
s000033,000015,1111221
s000033,000014,1111405
s000033,000017,1111254
s000033,000016,1111196
s000033,000011,1111226
s000033,000010,1111276
s000033,000013,1111193
s000033,000012,1111211
s000033,000019,1111228
s000033,000018,1111196
s000033,000020,1113268
s000033,000007,1111440
s000033,000022,1111134
s000033,000005,1111201
s000033,000000,1114274
s000033,000003,1111355
s000033,000006,1111234
s000033,000021,1111205
s000033,000004,1111220
s000033,000023,1111166
s000033,000002,1111769
s000033,000025,1111262
s000033,000026,1111261
s000033,000027,1111204
s000033,000028,1111236
s000033,000029,1111270
s000033,000001,1114348
s000033,000008,1111211
s000033,000009,1111248
s000032,000015,1258219
s000032,000014,1257950
s000032,000017,1258378
s000032,000016,1257979
s000032,000011,1257954
s000032,000010,1258029
s000032,000013,1257956
s000032,000012,1257592
s000032,000019,1258029
s000032,000018,1260464
s000032,000020,1257951
s000032,000007,1257951
s000032,000004,1260578
s000032,000023,1258181
s000032,000002,1260342
s000032,000003,1260537
s000032,000006,1257944
s000032,000021,1259992
s000032,000022,1258503
s000032,000005,1260538
s000032,000024,1259990
s000032,000025,1257951
s000032,000000,1260712
s000032,000001,1260721
s000032,000028,1257604
s000032,000029,1258193
s000032,000027,1260181
s000032,000008,1257950
s000032,000009,1257952
s000032,000026,1258137
s000035,000015,3136684
s000035,000014,3205470
s000035,000017,2889480
s000035,000016,3232081
s000035,000011,3017416
s000035,000010,2557741
s000035,000013,3575861
s000035,000012,2781849
s000035,000025,3446244
s000035,000019,2557682
s000035,000018,3655322
s000035,000020,3648470
s000035,000021,3700114
s000035,000004,3660363
s000035,000023,3985076
s000035,000002,2582059
s000035,000003,2698806
s000035,000006,2558623
s000035,000007,3254439
s000035,000022,2868410
s000035,000005,2604928
s000035,000024,3694843
s000035,000026,3456325
s000035,000000,2822797
s000035,000027,2875648
s000035,000028,5065291
s000035,000029,5070678
s000035,000001,3285008
s000035,000008,2556127
s000035,000009,2556029
s000034,000015,3699
s000034,000014,3699
s000034,000017,3699
s000034,000016,3699
s000034,000011,3699
s000034,000010,3699
s000034,000013,3699
s000034,000012,3699
s000034,000019,3699
s000034,000018,3699
s000034,000020,3699
s000034,000007,3699
s000034,000004,3699
s000034,000005,3699
s000034,000002,3699
s000034,000025,3699
s000034,000006,3699
s000034,000021,3699
s000034,000022,3699
s000034,000023,3699
s000034,000024,3699
s000034,000003,3699
s000034,000000,3699
s000034,000027,3699
s000034,000028,3699
s000034,000029,3699
s000034,000001,3699
s000034,000008,3699
s000034,000009,3699
s000034,000026,3699
s000037,000000,1114398
s000037,000015,1111157
s000037,000014,1111380
s000037,000017,1111270
s000037,000016,1111212
s000037,000011,1111246
s000037,000010,1111241
s000037,000013,1111269
s000037,000012,1111182
s000037,000019,1111258
s000037,000018,1111193
s000037,000020,1111201
s000037,000007,1111425
s000037,000022,1111251
s000037,000005,1111217
s000037,000002,1111742
s000037,000025,1111210
s000037,000006,1111247
s000037,000021,1111193
s000037,000004,1111264
s000037,000023,1111241
s000037,000024,1111240
s000037,000003,1111383
s000037,000026,1111265
s000037,000027,1111211
s000037,000028,1111279
s000037,000029,1111281
s000037,000001,1114316
s000037,000008,1111224
s000037,000009,1111217
s000036,000000,1848755
s000036,000015,1906726
s000036,000014,1904674
s000036,000017,1433743
s000036,000016,1899856
s000036,000011,1418319
s000036,000010,1883982
s000036,000013,1792772
s000036,000012,1792003
s000036,000019,1434119
s000036,000018,1839224
s000036,000020,1786037
s000036,000021,2270644
s000036,000004,1734459
s000036,000005,1725342
s000036,000024,1995844
s000036,000025,1434119
s000036,000006,1738648
s000036,000007,1797718
s000036,000022,1434163
s000036,000023,1989779
s000036,000002,1773520
s000036,000003,1418319
s000036,000026,1434163
s000036,000001,1847771
s000036,000028,1727394
s000036,000029,1434119
s000036,000027,1811171
s000036,000008,1418371
s000036,000009,1418319
s000026,000015,1111514
s000026,000014,1111289
s000026,000017,1113314
s000026,000016,1111228
s000026,000011,1111241
s000026,000010,1111306
s000026,000013,1111305
s000026,000012,1111214
s000026,000019,1111234
s000026,000018,1111218
s000026,000006,1111331
s000026,000007,1111281
s000026,000004,1111237
s000026,000005,1111205
s000026,000002,1111734
s000026,000003,1111314
s000026,000020,1111199
s000026,000021,1111193
s000026,000022,1111192
s000026,000023,1111307
s000026,000024,1111258
s000026,000025,1111218
s000026,000000,1114401
s000026,000027,1111155
s000026,000028,1111204
s000026,000029,1111259
s000026,000001,1114307
s000026,000008,1111161
s000026,000009,1111229
s000026,000026,1111169
s000027,000000,1115055
s000027,000015,1111259
s000027,000014,1111351
s000027,000017,1111314
s000027,000016,1111280
s000027,000011,1111293
s000027,000010,1111301
s000027,000013,1111269
s000027,000012,1111285
s000027,000019,1111271
s000027,000018,1111332
s000027,000020,1111277
s000027,000021,1111247
s000027,000004,1111281
s000027,000023,1111254
s000027,000002,1111785
s000027,000025,1111307
s000027,000006,1111295
s000027,000007,1111491
s000027,000022,1111246
s000027,000005,1111327
s000027,000024,1111326
s000027,000003,1113576
s000027,000026,1111281
s000027,000027,1111226
s000027,000028,1111280
s000027,000029,1111335
s000027,000001,1114395
s000027,000008,1111255
s000027,000009,1111282
s000024,000015,1023261
s000024,000014,1023261
s000024,000017,1023261
s000024,000016,1023261
s000024,000011,1023261
s000024,000010,1023261
s000024,000013,1023261
s000024,000012,1023261
s000024,000019,1023260
s000024,000018,1023260
s000024,000020,1023261
s000024,000021,1023261
s000024,000004,1275337
s000024,000005,1275337
s000024,000024,1023261
s000024,000025,1023260
s000024,000006,1275337
s000024,000007,1023261
s000024,000022,1023261
s000024,000023,1023261
s000024,000002,1275337
s000024,000003,1275337
s000024,000000,1260696
s000024,000001,1275337
s000024,000028,1023259
s000024,000029,1023260
s000024,000027,1023261
s000024,000008,1023259
s000024,000009,1023261
s000024,000026,1023261
s000025,000015,1278532
s000025,000014,1243430
s000025,000017,1282710
s000025,000016,1249388
s000025,000011,1276973
s000025,000010,1245225
s000025,000013,1237973
s000025,000012,1248796
s000025,000019,1258145
s000025,000018,1247011
s000025,000020,1210729
s000025,000021,1251440
s000025,000004,1257487
s000025,000005,1241576
s000025,000002,1232814
s000025,000003,1277912
s000025,000006,1240645
s000025,000007,1233220
s000025,000022,1274605
s000025,000023,1250831
s000025,000024,1240744
s000025,000025,1252945
s000025,000000,1275994
s000025,000027,1256494
s000025,000028,1274512
s000025,000029,1249937
s000025,000001,1252604
s000025,000008,1254239
s000025,000009,1310553
s000025,000026,1237882
s000022,000024,1111283
s000022,000015,1111176
s000022,000014,1111303
s000022,000017,1111247
s000022,000016,1111287
s000022,000011,1111203
s000022,000010,1111207
s000022,000013,1111178
s000022,000012,1111244
s000022,000019,1111245
s000022,000018,1111247
s000022,000006,1111291
s000022,000007,1111440
s000022,000022,1111250
s000022,000005,1111230
s000022,000000,1114219
s000022,000003,1111373
s000022,000020,1111198
s000022,000021,1111235
s000022,000004,1111304
s000022,000023,1111200
s000022,000002,1111700
s000022,000025,1111254
s000022,000026,1111149
s000022,000001,1114236
s000022,000028,1111209
s000022,000029,1111221
s000022,000027,1111183
s000022,000008,1111285
s000022,000009,1111236
s000023,000015,1110632
s000023,000014,1110823
s000023,000017,1110624
s000023,000016,1110740
s000023,000011,1110638
s000023,000010,1110642
s000023,000013,1110674
s000023,000012,1110694
s000023,000019,1110641
s000023,000018,1110608
s000023,000006,1110632
s000023,000007,1110759
s000023,000004,1110732
s000023,000005,1110725
s000023,000002,1111156
s000023,000003,1110878
s000023,000020,1110671
s000023,000021,1110771
s000023,000022,1110636
s000023,000023,1110755
s000023,000024,1110631
s000023,000025,1110638
s000023,000000,1114398
s000023,000001,1113825
s000023,000028,1110676
s000023,000029,1110668
s000023,000027,1110724
s000023,000008,1110642
s000023,000009,1110710
s000023,000026,1110660
s000020,000000,4322874
s000020,000015,2897326
s000020,000014,4026729
s000020,000017,4139326
s000020,000016,4264422
s000020,000011,3987754
s000020,000010,4005504
s000020,000013,2483444
s000020,000012,3654670
s000020,000019,1435614
s000020,000018,4092313
s000020,000020,4179047
s000020,000007,4171008
s000020,000022,3406264
s000020,000023,3878177
s000020,000002,4253261
s000020,000025,3856231
s000020,000006,3845614
s000020,000021,3058629
s000020,000004,4039857
s000020,000005,4122891
s000020,000024,3788451
s000020,000003,4297805
s000020,000026,4089809
s000020,000027,3864369
s000020,000028,3835381
s000020,000029,37
s000020,000001,4284893
s000020,000008,3965319
s000020,000009,4041497
s000021,000000,3819605
s000021,000015,3866522
s000021,000014,3866504
s000021,000017,3866534
s000021,000016,3866525
s000021,000011,3924278
s000021,000010,3926677
s000021,000013,3866558
s000021,000012,3866486
s000021,000019,3866525
s000021,000018,3866525
s000021,000020,3866522
s000021,000021,3866535
s000021,000022,3866560
s000021,000005,2101971
s000021,000024,3866518
s000021,000003,3817410
s000021,000006,3819793
s000021,000007,3926726
s000021,000004,3817549
s000021,000023,3866529
s000021,000002,3819771
s000021,000025,3866531
s000021,000026,3866530
s000021,000027,3866502
s000021,000028,3866501
s000021,000029,3866525
s000021,000001,3819761
s000021,000008,3926719
s000021,000009,3926719
s000028,000015,1111327
s000028,000014,1111396
s000028,000017,1111235
s000028,000016,1111359
s000028,000011,1111279
s000028,000010,1111303
s000028,000013,1111304
s000028,000012,1111231
s000028,000025,1111269
s000028,000019,1111212
s000028,000018,1111326
s000028,000020,1111350
s000028,000007,1111348
s000028,000004,1111260
s000028,000023,1111273
s000028,000002,1111758
s000028,000003,1111347
s000028,000006,1111348
s000028,000021,1111246
s000028,000022,1111247
s000028,000005,1111352
s000028,000024,1111278
s000028,000026,1111231
s000028,000000,1115246
s000028,000027,1111275
s000028,000028,1111284
s000028,000029,1111281
s000028,000001,1114356
s000028,000008,1111331
s000028,000009,1111256
s000029,000000,2946562
s000029,000015,2166395
s000029,000014,2160421
s000029,000017,2336037
s000029,000016,2184034
s000029,000011,2610239
s000029,000010,2805890
s000029,000013,2819755
s000029,000012,2661868
s000029,000019,2160265
s000029,000018,2342774
s000029,000006,2493971
s000029,000021,2177889
s000029,000004,2333427
s000029,000023,2177245
s000029,000024,2371407
s000029,000025,2370598
s000029,000020,2181139
s000029,000007,3004383
s000029,000022,2360372
s000029,000005,2340987
s000029,000002,2796007
s000029,000003,2314019
s000029,000026,2374866
s000029,000027,2154623
s000029,000028,2341072
s000029,000029,2330473
s000029,000001,2947098
s000029,000008,2804224
s000029,000009,2802166
s000053,000015,2784361
s000053,000014,2746133
s000053,000017,2773285
s000053,000016,2788701
s000053,000011,2841539
s000053,000010,2500900
s000053,000013,2771404
s000053,000012,2845141
s000053,000019,2851123
s000053,000018,2773031
s000053,000020,2790749
s000053,000021,2763385
s000053,000022,2763086
s000053,000023,2773622
s000053,000024,2517154
s000053,000003,2754794
s000053,000006,2538921
s000053,000007,2500908
s000053,000004,2736141
s000053,000005,2537866
s000053,000002,3070999
s000053,000025,2761632
s000053,000000,3014429
s000053,000001,3100663
s000053,000028,2770727
s000053,000029,2763696
s000053,000027,2766032
s000053,000008,2849174
s000053,000009,2827854
s000053,000026,2502200
s000052,000015,1707992
s000052,000014,1704507
s000052,000017,1707293
s000052,000016,1713395
s000052,000011,1691055
s000052,000010,1686510
s000052,000013,1698343
s000052,000012,1693390
s000052,000019,1710113
s000052,000018,1713058
s000052,000006,1704256
s000052,000007,1694993
s000052,000022,1705873
s000052,000005,1694314
s000052,000002,1691298
s000052,000003,1685513
s000052,000020,1694047
s000052,000021,1696558
s000052,000004,1696260
s000052,000023,1710692
s000052,000024,1720339
s000052,000025,1717880
s000052,000000,1692748
s000052,000001,1699987
s000052,000028,1720771
s000052,000029,1712242
s000052,000027,1722803
s000052,000008,1701156
s000052,000009,1697839
s000052,000026,1719212
s000051,000015,10153482
s000051,000014,10377325
s000051,000017,10440851
s000051,000016,10252079
s000051,000011,10343161
s000051,000010,10463677
s000051,000013,10352005
s000051,000012,10377630
s000051,000019,10404839
s000051,000018,10180928
s000051,000020,10407571
s000051,000021,10265543
s000051,000022,10254573
s000051,000005,10404535
s000051,000002,10589346
s000051,000025,10350806
s000051,000006,10248877
s000051,000007,10416998
s000051,000004,10426988
s000051,000023,10250723
s000051,000024,2319446
s000051,000003,10706976
s000051,000000,10458312
s000051,000001,10378175
s000051,000028,10208618
s000051,000029,10305142
s000051,000027,10265762
s000051,000008,10267692
s000051,000009,10261603
s000051,000026,10167983
s000050,000000,2077045
s000050,000015,1974650
s000050,000014,2077529
s000050,000017,1974671
s000050,000016,1974651
s000050,000011,1974366
s000050,000010,1974650
s000050,000013,1974650
s000050,000012,1974651
s000050,000019,1974671
s000050,000018,1974651
s000050,000006,1974671
s000050,000007,2077529
s000050,000022,1974671
s000050,000023,1974651
s000050,000002,1974041
s000050,000003,2077699
s000050,000020,1974651
s000050,000021,1974671
s000050,000004,1974650
s000050,000005,1974651
s000050,000024,1974688
s000050,000025,1974650
s000050,000026,1974731
s000050,000001,2077354
s000050,000028,1974730
s000050,000029,1974731
s000050,000027,1974730
s000050,000008,1974651
s000050,000009,1974697
s000057,000000,5134428
s000057,000015,4998080
s000057,000014,4971889
s000057,000017,5204284
s000057,000016,5014977
s000057,000011,3846478
s000057,000010,3673224
s000057,000013,5051336
s000057,000012,5012224
s000057,000019,5075536
s000057,000018,5093223
s000057,000006,3773282
s000057,000021,5025107
s000057,000022,4838118
s000057,000005,4847122
s000057,000002,5168947
s000057,000025,4937511
s000057,000020,5060648
s000057,000007,3814124
s000057,000004,3772159
s000057,000023,5034369
s000057,000024,5132113
s000057,000003,3711805
s000057,000026,3680476
s000057,000001,5160940
s000057,000028,4969714
s000057,000029,3737825
s000057,000027,5027482
s000057,000008,5069319
s000057,000009,4987239
s000056,000015,2153069
s000056,000014,2153069
s000056,000017,2153069
s000056,000016,2153069
s000056,000011,2153069
s000056,000010,2153069
s000056,000013,2153069
s000056,000012,2153069
s000056,000019,2153069
s000056,000018,2153069
s000056,000020,2153069
s000056,000021,2153069
s000056,000022,2153069
s000056,000005,2153069
s000056,000002,2153069
s000056,000003,2153069
s000056,000006,2153069
s000056,000007,2153069
s000056,000004,2153069
s000056,000023,2153069
s000056,000024,2153069
s000056,000025,2153069
s000056,000000,2153069
s000056,000001,2153069
s000056,000028,2153069
s000056,000029,2153069
s000056,000027,2153069
s000056,000008,2153069
s000056,000009,2153069
s000056,000026,2153069
s000055,000024,5711152
s000055,000015,5720289
s000055,000014,5721647
s000055,000017,5705544
s000055,000016,5710449
s000055,000011,5688499
s000055,000010,5650773
s000055,000013,5682035
s000055,000012,5690678
s000055,000019,5726459
s000055,000018,5693078
s000055,000006,5688914
s000055,000007,5693755
s000055,000004,5710979
s000055,000023,5733751
s000055,000000,5722118
s000055,000025,5710034
s000055,000020,5707476
s000055,000021,5735600
s000055,000022,5738344
s000055,000005,5727551
s000055,000002,5727436
s000055,000003,5717995
s000055,000026,5728731
s000055,000001,5716284
s000055,000028,5716097
s000055,000029,5712712
s000055,000027,5715736
s000055,000008,5657962
s000055,000009,5687454
s000054,000000,1522279
s000054,000015,1521557
s000054,000014,1570596
s000054,000017,1575451
s000054,000016,1547047
s000054,000011,1532097
s000054,000010,1529643
s000054,000013,1526651
s000054,000012,1533429
s000054,000019,1536411
s000054,000018,1533679
s000054,000006,1525342
s000054,000007,1532149
s000054,000004,1524879
s000054,000005,1531314
s000054,000024,1528477
s000054,000025,1521849
s000054,000020,1525321
s000054,000021,1523033
s000054,000022,1532177
s000054,000023,1524657
s000054,000002,1534571
s000054,000003,1532038
s000054,000026,1526613
s000054,000027,1534663
s000054,000028,1528541
s000054,000029,1617550
s000054,000001,1524185
s000054,000008,1527970
s000054,000009,1532144
s000059,000015,991693
s000059,000014,991694
s000059,000017,991694
s000059,000016,991693
s000059,000011,991694
s000059,000010,991693
s000059,000013,991693
s000059,000012,991694
s000059,000019,991694
s000059,000018,991693
s000059,000006,991701
s000059,000007,991694
s000059,000004,991701
s000059,000023,991693
s000059,000024,991693
s000059,000003,991700
s000059,000020,991694
s000059,000021,991693
s000059,000022,991694
s000059,000005,991701
s000059,000002,991719
s000059,000025,991693
s000059,000000,991930
s000059,000001,991933
s000059,000028,991694
s000059,000029,991693
s000059,000027,991693
s000059,000008,933893
s000059,000009,991694
s000059,000026,991693
s000058,000015,3152306
s000058,000014,3152306
s000058,000017,3152306
s000058,000016,3152306
s000058,000011,3152306
s000058,000010,3152306
s000058,000013,3152306
s000058,000012,3152306
s000058,000019,3152306
s000058,000018,3152306
s000058,000003,3151502
s000058,000020,3152306
s000058,000007,3152306
s000058,000022,3152306
s000058,000023,3152306
s000058,000002,3150284
s000058,000025,3152306
s000058,000006,3151492
s000058,000021,3152306
s000058,000004,3151486
s000058,000005,3151492
s000058,000024,3152306
s000058,000026,3152306
s000058,000000,3150284
s000058,000001,3150284
s000058,000028,3152306
s000058,000029,3152306
s000058,000027,3152306
s000058,000008,3152306
s000058,000009,3152306
s000040,000015,1327119
s000040,000014,1331387
s000040,000017,1329501
s000040,000016,1328873
s000040,000011,1323718
s000040,000010,1326924
s000040,000013,1549531
s000040,000012,1342701
s000040,000025,1346970
s000040,000019,1538249
s000040,000018,1329449
s000040,000006,1337870
s000040,000007,1341550
s000040,000022,1330132
s000040,000005,1317660
s000040,000002,1933473
s000040,000003,1338814
s000040,000020,1348611
s000040,000021,1349888
s000040,000004,1316670
s000040,000023,1327517
s000040,000024,1332018
s000040,000000,2014029
s000040,000026,1325569
s000040,000001,2014690
s000040,000028,1331558
s000040,000029,1360031
s000040,000027,1331297
s000040,000008,1325626
s000040,000009,1325716
s000041,000015,496459
s000041,000014,496459
s000041,000017,495916
s000041,000016,496460
s000041,000011,496516
s000041,000010,496494
s000041,000013,496460
s000041,000012,496459
s000041,000019,496460
s000041,000018,496460
s000041,000020,496536
s000041,000007,496460
s000041,000022,496460
s000041,000005,496021
s000041,000002,496021
s000041,000003,496068
s000041,000006,496022
s000041,000021,496460
s000041,000004,496022
s000041,000023,496460
s000041,000024,496537
s000041,000025,496459
s000041,000000,496478
s000041,000027,496543
s000041,000028,496460
s000041,000029,496479
s000041,000001,496022
s000041,000008,496517
s000041,000009,496478
s000041,000026,496460
s000042,000015,1998325
s000042,000014,1968272
s000042,000017,1998325
s000042,000016,1998328
s000042,000011,1911055
s000042,000010,1877872
s000042,000013,1910868
s000042,000012,1910697
s000042,000025,1968531
s000042,000019,1998329
s000042,000018,1998327
s000042,000006,1850251
s000042,000021,1968268
s000042,000022,1968268
s000042,000023,1998327
s000042,000024,1998510
s000042,000003,1850251
s000042,000020,1998327
s000042,000007,1850456
s000042,000004,1850327
s000042,000005,1850248
s000042,000002,1850105
s000042,000000,1850290
s000042,000026,1604364
s000042,000027,1968457
s000042,000028,1968453
s000042,000029,1968457
s000042,000001,1850336
s000042,000008,1850460
s000042,000009,1877870
s000043,000024,5321273
s000043,000015,5314577
s000043,000014,5324955
s000043,000017,5319452
s000043,000016,5336474
s000043,000011,5343287
s000043,000010,5334794
s000043,000013,5346967
s000043,000012,5344916
s000043,000019,5303070
s000043,000018,5361029
s000043,000020,5340114
s000043,000007,5341964
s000043,000022,5321843
s000043,000023,5336684
s000043,000000,5344860
s000043,000003,5334542
s000043,000006,5345334
s000043,000021,5328821
s000043,000004,5310719
s000043,000005,5340385
s000043,000002,5304374
s000043,000025,5350480
s000043,000026,5345161
s000043,000027,5344906
s000043,000028,5335265
s000043,000029,5328720
s000043,000001,5341446
s000043,000008,5345443
s000043,000009,5347420
s000044,000015,1110607
s000044,000014,1110718
s000044,000017,1110612
s000044,000016,1110625
s000044,000011,1110710
s000044,000010,1110662
s000044,000013,1110596
s000044,000012,1110669
s000044,000019,1110597
s000044,000018,1110661
s000044,000006,1110700
s000044,000021,1110634
s000044,000022,1110641
s000044,000005,1110875
s000044,000002,1111182
s000044,000003,1110820
s000044,000020,1110693
s000044,000007,1110718
s000044,000004,1110587
s000044,000023,1110589
s000044,000024,1110695
s000044,000025,1110683
s000044,000000,1113793
s000044,000027,1110646
s000044,000028,1110600
s000044,000029,1110640
s000044,000001,1113735
s000044,000008,1110705
s000044,000009,1110622
s000044,000026,1110604
s000045,000015,1111250
s000045,000014,1111387
s000045,000017,1111354
s000045,000016,1111218
s000045,000011,1111324
s000045,000010,1111264
s000045,000013,1111329
s000045,000012,1111350
s000045,000019,1111297
s000045,000018,1111359
s000045,000020,1111319
s000045,000021,1111279
s000045,000022,1111321
s000045,000005,1111322
s000045,000024,1111275
s000045,000003,1111379
s000045,000006,1111284
s000045,000007,1111503
s000045,000004,1111336
s000045,000023,1111254
s000045,000002,1116564
s000045,000025,1111300
s000045,000000,1114261
s000045,000027,1111316
s000045,000028,1111351
s000045,000029,1111226
s000045,000001,2870
s000045,000008,1111311
s000045,000009,1111318
s000045,000026,1111329
s000046,000015,1885347
s000046,000014,1818622
s000046,000017,1797369
s000046,000016,1785689
s000046,000011,1765708
s000046,000010,1841017
s000046,000013,1491375
s000046,000012,1840811
s000046,000019,1803044
s000046,000018,1753487
s000046,000020,1784762
s000046,000021,1878290
s000046,000022,1881405
s000046,000005,1608778
s000046,000002,3727485
s000046,000025,1755158
s000046,000006,1859702
s000046,000007,1903869
s000046,000004,1930725
s000046,000023,1879691
s000046,000024,1796103
s000046,000003,1958660
s000046,000000,6168011
s000046,000027,1815275
s000046,000028,1817347
s000046,000029,1803243
s000046,000001,6219855
s000046,000008,1797915
s000046,000009,1874094
s000046,000026,1712033
s000047,000015,805878
s000047,000014,805878
s000047,000017,805878
s000047,000016,805878
s000047,000011,805878
s000047,000010,805878
s000047,000013,805878
s000047,000012,805878
s000047,000019,805878
s000047,000018,805878
s000047,000006,805878
s000047,000007,805878
s000047,000004,805878
s000047,000005,805878
s000047,000024,805878
s000047,000025,805878
s000047,000020,805878
s000047,000021,805878
s000047,000022,805878
s000047,000023,805878
s000047,000002,805878
s000047,000003,805878
s000047,000000,805878
s000047,000001,805878
s000047,000028,805878
s000047,000029,805878
s000047,000027,805878
s000047,000008,805878
s000047,000009,805878
s000047,000026,805878
s000048,000015,9156243
s000048,000014,10029199
s000048,000017,9245839
s000048,000016,9234922
s000048,000011,12735670
s000048,000010,10697803
s000048,000013,11256054
s000048,000012,9711215
s000048,000019,9152863
s000048,000018,9068538
s000048,000020,9393058
s000048,000007,13140382
s000048,000004,11454642
s000048,000005,11349281
s000048,000024,11049909
s000048,000003,11568145
s000048,000006,11279595
s000048,000021,12128690
s000048,000022,9081926
s000048,000023,9011023
s000048,000002,12321591
s000048,000025,9528709
s000048,000000,11543130
s000048,000027,9181645
s000048,000028,9003099
s000048,000029,8916214
s000048,000001,11396550
s000048,000008,9447231
s000048,000009,10882957
s000048,000026,10449663
s000049,000015,4773647
s000049,000014,2905807
s000049,000017,2850606
s000049,000016,3106564
s000049,000011,2588310
s000049,000010,3716333
s000049,000013,3834023
s000049,000012,2825288
s000049,000025,5221316
s000049,000019,4324394
s000049,000018,2873812
s000049,000020,3442026
s000049,000021,2948037
s000049,000022,3014869
s000049,000023,4791776
s000049,000024,3242590
s000049,000003,3171419
s000049,000006,3336564
s000049,000007,2881795
s000049,000004,3099542
s000049,000005,3166731
s000049,000002,3101225
s000049,000026,3187620
s000049,000000,3805055
s000049,000027,3882679
s000049,000028,4817253
s000049,000029,3167848
s000049,000001,2940086
s000049,000008,3062937
s000049,000009,2743791
s000079,000015,2966105
s000079,000014,2961611
s000079,000017,2953218
s000079,000016,2966776
s000079,000011,2952019
s000079,000010,2951055
s000079,000013,2947746
s000079,000012,2947434
s000079,000019,2952837
s000079,000018,2955232
s000079,000020,2992644
s000079,000007,2954193
s000079,000022,2951450
s000079,000023,2954399
s000079,000024,2962428
s000079,000025,2960982
s000079,000006,2958634
s000079,000021,2990043
s000079,000004,2964257
s000079,000005,2974503
s000079,000002,2965206
s000079,000003,2979144
s000079,000000,3461948
s000079,000001,2959133
s000079,000028,2951605
s000079,000029,2953820
s000079,000027,2954467
s000079,000008,2969909
s000079,000009,2953853
s000079,000026,2957941
s000078,000015,4158058
s000078,000014,4157519
s000078,000017,4157586
s000078,000016,4157614
s000078,000011,4155072
s000078,000010,4158545
s000078,000013,4156375
s000078,000012,4156467
s000078,000019,4157510
s000078,000018,4157359
s000078,000020,4157561
s000078,000007,4154916
s000078,000004,4153610
s000078,000023,4157625
s000078,000024,4157542
s000078,000025,4157566
s000078,000006,4153609
s000078,000021,4157684
s000078,000022,4160932
s000078,000005,4153581
s000078,000002,4153599
s000078,000003,4153371
s000078,000000,4153607
s000078,000027,4157553
s000078,000028,4157475
s000078,000029,4157617
s000078,000001,4153536
s000078,000008,4154716
s000078,000009,4154943
s000078,000026,4157598
s000075,000015,1111205
s000075,000014,1111285
s000075,000017,1111246
s000075,000016,1111234
s000075,000011,1111194
s000075,000010,1111233
s000075,000013,1111331
s000075,000012,1111228
s000075,000019,1111286
s000075,000018,1111198
s000075,000006,1111240
s000075,000007,1111348
s000075,000022,1111211
s000075,000023,1111282
s000075,000002,1111722
s000075,000025,1111264
s000075,000020,1111249
s000075,000021,1111178
s000075,000004,1111236
s000075,000005,1111166
s000075,000024,1111221
s000075,000003,1111371
s000075,000000,1114254
s000075,000001,1111762
s000075,000028,1111226
s000075,000029,1111151
s000075,000027,1111212
s000075,000008,1111253
s000075,000009,1111265
s000075,000026,1111222
s000074,000000,1634239
s000074,000015,1629503
s000074,000014,1622215
s000074,000017,1628457
s000074,000016,1622365
s000074,000011,1598256
s000074,000010,1593437
s000074,000013,1641244
s000074,000012,1639381
s000074,000019,1628951
s000074,000018,1607798
s000074,000020,1651353
s000074,000021,1641491
s000074,000004,1587440
s000074,000023,1662465
s000074,000002,1628404
s000074,000025,1645210
s000074,000006,1625425
s000074,000007,1602253
s000074,000022,1629440
s000074,000005,1629881
s000074,000024,1645607
s000074,000003,1600657
s000074,000026,1637816
s000074,000001,1644837
s000074,000028,1622842
s000074,000029,1619754
s000074,000027,1641100
s000074,000008,1606973
s000074,000009,1584160
s000077,000015,9704722
s000077,000014,9704863
s000077,000017,9704864
s000077,000016,9704863
s000077,000011,9704542
s000077,000010,9705048
s000077,000013,9704894
s000077,000012,9704863
s000077,000019,9705233
s000077,000018,9704863
s000077,000003,9856247
s000077,000020,9704899
s000077,000007,9705048
s000077,000004,9856246
s000077,000005,9855742
s000077,000002,9855741
s000077,000025,9705043
s000077,000006,9855742
s000077,000021,9704864
s000077,000022,9704864
s000077,000023,9704543
s000077,000024,9704542
s000077,000026,9704551
s000077,000000,9052777
s000077,000027,9705057
s000077,000028,9705058
s000077,000029,9705057
s000077,000001,9855557
s000077,000008,9704357
s000077,000009,9705048
s000076,000015,1848608
s000076,000014,1858912
s000076,000017,2214275
s000076,000016,1848549
s000076,000011,1821141
s000076,000010,1821198
s000076,000013,1852131
s000076,000012,1823992
s000076,000019,1853989
s000076,000018,1848608
s000076,000020,1854045
s000076,000007,1829708
s000076,000004,1865270
s000076,000023,1876894
s000076,000024,1884833
s000076,000003,1862934
s000076,000006,1917931
s000076,000021,1852091
s000076,000022,1858518
s000076,000005,1854726
s000076,000002,1851401
s000076,000025,2634768
s000076,000000,2835780
s000076,000027,1874060
s000076,000028,1874059
s000076,000029,1874048
s000076,000001,1892191
s000076,000008,1902941
s000076,000009,1815759
s000076,000026,1874059
s000071,000015,2831055
s000071,000014,2951899
s000071,000017,2920785
s000071,000016,2831055
s000071,000011,2830761
s000071,000010,2830761
s000071,000013,2951899
s000071,000012,2830805
s000071,000019,2840245
s000071,000018,2935114
s000071,000020,2840245
s000071,000007,2830761
s000071,000022,2920704
s000071,000023,2831099
s000071,000024,2831055
s000071,000003,2953533
s000071,000006,3019197
s000071,000021,2920779
s000071,000004,2953577
s000071,000005,3019197
s000071,000002,2635456
s000071,000025,894640
s000071,000000,2621048
s000071,000027,2831099
s000071,000028,2831055
s000071,000029,2855939
s000071,000001,2621048
s000071,000008,2830761
s000071,000009,2830761
s000071,000026,2831055
s000070,000015,594561
s000070,000014,594565
s000070,000017,594565
s000070,000016,594562
s000070,000011,594564
s000070,000010,594565
s000070,000013,594561
s000070,000012,594561
s000070,000019,594565
s000070,000018,594561
s000070,000003,594563
s000070,000006,594563
s000070,000007,594565
s000070,000004,594565
s000070,000023,594564
s000070,000002,594565
s000070,000025,594567
s000070,000020,594561
s000070,000021,594568
s000070,000022,594564
s000070,000005,594561
s000070,000024,594563
s000070,000026,594563
s000070,000000,594565
s000070,000027,594561
s000070,000028,594565
s000070,000029,594565
s000070,000001,594565
s000070,000008,594561
s000070,000009,594561
s000073,000015,1111202
s000073,000014,1111225
s000073,000017,1111322
s000073,000016,1111258
s000073,000011,1111292
s000073,000010,1111208
s000073,000013,1111420
s000073,000012,1111220
s000073,000025,1111216
s000073,000019,1111234
s000073,000018,1111330
s000073,000006,1111239
s000073,000021,1111333
s000073,000022,1111231
s000073,000005,1111208
s000073,000002,1111804
s000073,000003,1111385
s000073,000020,1111278
s000073,000007,1111389
s000073,000004,1111319
s000073,000023,1111325
s000073,000024,1111234
s000073,000026,1111207
s000073,000000,1114274
s000073,000027,1111256
s000073,000028,1111246
s000073,000029,1111262
s000073,000001,1111767
s000073,000008,1111294
s000073,000009,1111222
s000072,000015,1144673
s000072,000014,1145463
s000072,000017,1146210
s000072,000016,1146206
s000072,000011,973532
s000072,000010,947656
s000072,000013,1145498
s000072,000012,1075884
s000072,000019,1149763
s000072,000018,1149772
s000072,000003,1087725
s000072,000020,1149495
s000072,000007,1186268
s000072,000022,1149735
s000072,000005,1087188
s000072,000002,1170202
s000072,000025,1149789
s000072,000006,1076760
s000072,000021,1149243
s000072,000004,1087943
s000072,000023,1149722
s000072,000024,1149533
s000072,000000,1170488
s000072,000026,1149854
s000072,000001,1170992
s000072,000028,1149854
s000072,000029,1149602
s000072,000027,1149602
s000072,000008,1075506
s000072,000009,1075725
